Отметка времени,"  1. Сіз қай курста оқисыз?  

What year of study are you in?  

На каком курсе вы учитесь?","2. Үйден университетке дейін жол орта есеппен қанша минут алады (бір жаққа)? 

On average, how many minutes does it take you to get from home to the university (one way)?   

Сколько минут в среднем занимает у вас дорога от дома до университета (в 
одну сторону)?"," 3. Университетке әдетте қалай барасыз?   

How do you usually get to the university? 

Каким способом вы обычно добираетесь до университета?  "," 4. Соңғы айда сабақтарға шамамен қанша пайыз қатыстыңыз? (0-100%)

What percentage of classes have you attended over the past month, approximately?(0-100%)

Укажите примерный процент посещённых занятий за последний месяц (0–100%) ? "
26.09.2026 22:05:34,2,120,Қоғамдық көлік(автобус) / Public transport (bus) / Общественный транспорт (автобус),95
26.09.2026 22:09:41,2,2,"Жеке көлік / такси, Personal car / taxi, Личное авто / такси","99,90%"
26.09.2026 22:13:31,2,1 сағат,Қоғамдық көлік(автобус) / Public transport (bus) / Общественный транспорт (автобус),90
26.09.2026 22:16:51,2,1.5 сағат,Қоғамдық көлік(автобус) / Public transport (bus) / Общественный транспорт (автобус),90%
26.09.2026 22:19:03,2,20,Жаяу / On foot / Пешком,100
26.09.2026 22:39:29,1,5,Жаяу / On foot / Пешком,100%
26.09.2026 22:41:16,1,10-15 минут,Жаяу / On foot / Пешком,90-100%
26.09.2026 22:45:39,2,50,Қоғамдық көлік(автобус) / Public transport (bus) / Общественный транспорт (автобус),95
26.09.2026 22:53:51,2,1 сағат,Қоғамдық көлік(автобус) / Public transport (bus) / Общественный транспорт (автобус),100%
26.09.2026 22:53:51,2,20-30 минут,Жаяу / On foot / Пешком,100%
26.09.2026 22:56:46,4,20 мин,Жаяу / On foot / Пешком,0%
26.09.2026 22:57:58,2,30мин,Қоғамдық көлік(автобус) / Public transport (bus) / Общественный транспорт (автобус),67%
26.09.2026 22:59:22,2,60 минут,Қоғамдық көлік(автобус) / Public transport (bus) / Общественный транспорт (автобус),100%
26.09.2026 22:59:23,2,7 мин,Қоғамдық көлік(автобус) / Public transport (bus) / Общественный транспорт (автобус),100
26.09.2026 23:00:03,1,50 минут,Қоғамдық көлік(автобус) / Public transport (bus) / Общественный транспорт (автобус),90
26.09.2026 23:05:18,4,1 мин,Самолет,80%
26.09.2026 23:24:40,2,1 час,Қоғамдық көлік(автобус) / Public transport (bus) / Общественный транспорт (автобус),60%
26.09.2026 23:40:48,4,Час,Қоғамдық көлік(автобус) / Public transport (bus) / Общественный транспорт (автобус),70%
26.09.2026 23:43:35,3,15минут,Жаяу / On foot / Пешком,97%
26.09.2026 23:49:51,2,30-50,Қоғамдық көлік(автобус) / Public transport (bus) / Общественный транспорт (автобус),90-100
26.09.2026 23:59:32,3,25-30 мин,Қоғамдық көлік(автобус) / Public transport (bus) / Общественный транспорт (автобус),100%
27.09.2026 9:32:22,1,25 минут,Қоғамдық көлік(автобус) / Public transport (bus) / Общественный транспорт (автобус),70%
27.09.2026 17:57:09,4,2сағат,Қоғамдық көлік(автобус) / Public transport (bus) / Общественный транспорт (автобус),90-100%
27.09.2026 18:58:25,2,30,Қоғамдық көлік(автобус) / Public transport (bus) / Общественный транспорт (автобус),100
27.09.2026 22:06:37,1,30 минут,"20 минут пешком, 10 минут на автобусе",100%
01.10.2026 9:19:07,2,120 мин,Қоғамдық көлік(автобус) / Public transport (bus) / Общественный транспорт (автобус),90%
01.10.2026 9:19:26,2,100,Қоғамдық көлік(автобус) / Public transport (bus) / Общественный транспорт (автобус),70
01.10.2026 9:19:36,2,40,Қоғамдық көлік(автобус) / Public transport (bus) / Общественный транспорт (автобус),100%
01.10.2026 9:20:29,3,60,"Жеке көлік / такси, Personal car / taxi, Личное авто / такси",80
02.10.2026 9:29:51,1,75,Қоғамдық көлік(автобус) / Public transport (bus) / Общественный транспорт (автобус),80
02.10.2026 9:30:09,4,20 мин,Жаяу / On foot / Пешком,90
02.10.2026 9:30:29,2,50,"Жеке көлік / такси, Personal car / taxi, Личное авто / такси",75
02.10.2026 9:30:51,3,45,"Жеке көлік / такси, Personal car / taxi, Личное авто / такси",75
02.10.2026 9:31:05,1,20,Жаяу / On foot / Пешком,100